﻿Designator,Footprint,Quantity,Value,LCSC Part #
"C1, C10, C11",0805,3,1uF,
"C12, C13",0805,2,100uF,
"C2, C6",0805,2,0.1uF,
"C200, C222",0603,2,220nF,
"C202, C205, C206, C216, C219, C220, C81, C82, C83, C87, C88, C89",0805,12,22uF,
"C203, C204, C217, C218",0402,4,100nF,
"C208, C221",0201,2,220nF,
"C209, C223",0402,2,1uF,
C3,0603,1,0.1uF,
"C7, C8",0603,2,22 pF,
C9,0805,1,100nF,
"D1, D18",D_SOD-523,2,"BZX585-B3V3,135",
"D10, D15, D16, D19, D2, D3, D5, D6, D7, D8, D9",0402,11,LED,
"D17, D4",Nexperia_CFP3_SOD-123W,2,VTVS25ASMF-M3-08,
J1,PinHeader_1x03_P2.54mm_Vertical,1,RPi UART Debug LEDs,
"J10, J11",TestPoint_Loop_D1.80mm_Drill1.0mm_Beaded,2,Debug connector,
"J12, J13",TestPoint_Keystone_5000-5004_Miniature,2,Debug connector,
"J16_2, J16, J17, J6, J8, J9",TestPoint_Pad_D1.0mm,6,Debug connector,
J2,JST_GH_SM06B-GHS-TB_1x06-1MP_P1.25mm_Horizontal,1,mini iso blue,
J3,JST_GH_SM04B-GHS-TB_1x04-1MP_P1.25mm_Horizontal,1,LCD power,
J4,PinHeader_1x03_P2.54mm_Vertical,1,VAN Debug LEDs,
J5,PinHeader_1x03_P2.54mm_Vertical,1,UART LED Debug Switch,
J7,JST_GH_SM06B-GHS-TB_1x06-1MP_P1.25mm_Horizontal,1,Programming Socket,
"L12, L14",IND_XGL4030_COC,2,1.5uH,
"MK1, MK2, MK3, MK4",MountingHole_2.7mm_M2.5,4,M2.5,
"MP8759GD1, MP8759GD3",QFN-12_MP8759_MNP,2,C200,
P1,PinSocket_2x20_P2.54mm_Vertical,1,Conn_02x20_Odd_Even,
"Q1, Q2",SOT-416,2,NPN,
"Q5, Q6",SOT-723,2,NMOS,
"R1, R21",0603,2,10k,
"R10, R11, R16, R9",0805,4,3200,
"R107, R120",0603,2,3.3,
"R108, R117, R122",0201,3,10k,
"R109, R121",0201,2,41.2k,
"R110, R118",0201,2,100K,
"R111, R119",0201,2,5.6k,
"R12, R20, R22, R6, R7",0805,5,10k,
"R14, R15",0805,2,1k,
"R17, R4",0805,2,10.2k,
R18,0805,1,1.5k,
R2,0805,1,800k,
R3,0805,1,200k,
"R5, R8",0805,2,3.2k,
"SW1, SW2",SW_SPST_B3U-1000P-B,2,EN,
"U10, U11",QFN-12_MP8759_MNP,2,NTS0104GU12_115,
U2,DFN6_3X3_ONS,1,NCP691MN33T2G,
U3,TSS463C,1,TSS463C,
U4,SOIC-8_3.9x4.9mm_P1.27mm,1,MCP2551-I-SN,
U6,ESP32-WROOM-32D,1,ESP32-WROOM-32E,
U7,SOIC-8_3.9x4.9mm_P1.27mm,1,DS3231MZ,
Y2,Crystal_HC18-U_Vertical,1,8MHz,
